,cantidad,precioUnitario,descuento,precioTotalSinImpuesto
count,330.0,330.0,330.0,330.0
mean,1.7218181818181817,2.8215954545454545,0.14545454545454545,3.8418181818181822
std,0.971831472329779,2.9933575044881167,0.3197271909785099,4.041549369267644
min,0.435,0.52,0.0,0.65
25%,1.0,0.7575,0.0,1.21
50%,2.0,1.2928,0.0,1.9049999999999998
75%,2.0,3.79,0.11,4.29
max,4.44,11.3261,1.27,16.78
